horizon_days,n_trades,total_notional,total_pnl,notional_weighted_return,equal_weight_mean_return,pct_of_all_notional
1,35,34514653.128601074,164109.08775805112,0.004754765668557732,0.004961797811871166,1.0
3,35,34514653.128601074,465790.0677024978,0.013495429490975068,0.0162586712934503,1.0
5,35,34514653.128601074,556980.4514097284,0.016137506853521826,0.05464227502391794,1.0
10,35,34514653.128601074,626916.1908166641,0.018163769123820655,0.0418216398304669,1.0
20,35,34514653.128601074,1689400.4035756886,0.04894733831688843,0.09936403475779317,1.0
30,35,34514653.128601074,852377.8990322684,0.02469611662780794,0.05289163342155526,1.0
