horizon_days,n_trades,total_notional,total_pnl,notional_weighted_return,equal_weight_mean_return,pct_of_all_notional
1,21,12900021.0,-65631.05106652819,-0.005087670094996604,0.004779048057088863,1.0
3,21,12900021.0,-85618.70868318345,-0.006637098395667995,0.010189637593415818,1.0
5,21,12900021.0,5729.389812272911,0.0004441380221220501,0.0443685871475291,1.0
10,21,12900021.0,-48557.04925281092,-0.003764106217564368,0.03530833110894592,1.0
20,21,12900021.0,224235.66882541298,0.017382581689240117,0.08511566487195653,1.0
30,21,12900021.0,111903.14699029949,0.008674648435866848,0.046461861817484705,1.0
